<BackupInst xmlns="http://www.microsoft.com/GroupPolicy/GPOOperations/Manifest"><GPOGuid><![CDATA[{16ECB09D-3ED3-4AFF-9FCE-12B56A5F3126}]]></GPOGuid><GPODomain><![CDATA[DSGroup2.co.uk]]></GPODomain><GPODomainGuid><![CDATA[{01cf6c01-8509-468f-8c10-c228dca13d72}]]></GPODomainGuid><GPODomainController><![CDATA[DSG2DC.DSGroup2.co.uk]]></GPODomainController><BackupTime><![CDATA[2018-12-05T09:55:22]]></BackupTime><ID><![CDATA[{B0A14FC3-292E-4A23-B280-9CC172D92FD5}]]></ID><Comment><![CDATA[]]></Comment><GPODisplayName><![CDATA[Session Servers – Remote Desktop Control]]></GPODisplayName></BackupInst>
