<?xml version="1.0" encoding="utf-8"?>
<!-- Copyright (c) Microsoft Corporation.  All rights reserved. -->
<GroupPolicyBackupScheme xmlns:bkp="http://www.microsoft.com/GroupPolicy/GPOOperations" xmlns="http://www.microsoft.com/GroupPolicy/GPOOperations" bkp:version="2.0" bkp:type="GroupPolicyBackupTemplate">
	<GroupPolicyObject>
		<SecurityGroups>
			<Group bkp:Source="FromDACL">
				<Sid><![CDATA[S-1-5-21-1571131353-2563132626-1539195055-519]]></Sid>
				<SamAccountName><![CDATA[Enterprise Admins]]></SamAccountName>
				<Type><![CDATA[UniversalGroup]]></Type>
				<NetBIOSDomainName><![CDATA[DSGROUP7]]></NetBIOSDomainName>
				<DnsDomainName><![CDATA[DSGROUP7.co.uk]]></DnsDomainName>
				<UPN><![CDATA[Enterprise Admins@DSGROUP7.co.uk]]></UPN>
			</Group>
			<Group bkp:Source="FromDACL">
				<Sid><![CDATA[S-1-5-21-1571131353-2563132626-1539195055-512]]></Sid>
				<SamAccountName><![CDATA[Domain Admins]]></SamAccountName>
				<Type><![CDATA[GlobalGroup]]></Type>
				<NetBIOSDomainName><![CDATA[DSGROUP7]]></NetBIOSDomainName>
				<DnsDomainName><![CDATA[DSGROUP7.co.uk]]></DnsDomainName>
				<UPN><![CDATA[Domain Admins@DSGROUP7.co.uk]]></UPN>
			</Group>
		</SecurityGroups>
		<FilePaths/>
		<GroupPolicyCoreSettings>
			<ID><![CDATA[{87883A6B-8A16-4451-9BC1-70D504AD97B0}]]></ID>
			<Domain><![CDATA[DSGROUP7.co.uk]]></Domain>
			<SecurityDescriptor>01 00 04 9c 00 00 00 00 00 00 00 00 00 00 00 00 14 00 00 00 04 00 ec 00 08 00 00 00 05 02 28 00 00 01 00 00 01 00 00 00 8f fd ac ed b3 ff d1 11 b4 1d 00 a0 c9 68 f9 39 01 01 00 00 00 00 00 05 0b 00 00 00 00 00 24 00 ff 00 0f 00 01 05 00 00 00 00 00 05 15 00 00 00 d9 8f a5 5d d2 4c c6 98 af 40 be 5b 00 02 00 00 00 02 24 00 ff 00 0f 00 01 05 00 00 00 00 00 05 15 00 00 00 d9 8f a5 5d d2 4c c6 98 af 40 be 5b 00 02 00 00 00 02 24 00 ff 00 0f 00 01 05 00 00 00 00 00 05 15 00 00 00 d9 8f a5 5d d2 4c c6 98 af 40 be 5b 07 02 00 00 00 02 14 00 94 00 02 00 01 01 00 00 00 00 00 05 09 00 00 00 00 02 14 00 94 00 02 00 01 01 00 00 00 00 00 05 0b 00 00 00 00 02 14 00 ff 00 0f 00 01 01 00 00 00 00 00 05 12 00 00 00 00 0a 14 00 ff 00 0f 00 01 01 00 00 00 00 00 03 00 00 00 00</SecurityDescriptor>
			<DisplayName><![CDATA[All Servers – Windows Update]]></DisplayName>
			<Options><![CDATA[0]]></Options>
			<UserVersionNumber><![CDATA[65537]]></UserVersionNumber>
			<MachineVersionNumber><![CDATA[327685]]></MachineVersionNumber>
			<MachineExtensionGuids><![CDATA[[{35378EAC-683F-11D2-A89A-00C04FBBCFA2}{D02B1F72-3407-48AE-BA88-E8213C6761F1}]]]></MachineExtensionGuids>
			<UserExtensionGuids/>
			<WMIFilter/>
		</GroupPolicyCoreSettings>
		<GroupPolicyExtension bkp:ID="{35378EAC-683F-11D2-A89A-00C04FBBCFA2}" bkp:DescName="Registry">
			<FSObjectFile bkp:Path="%GPO_MACH_FSPATH%\registry.pol" bkp:SourceExpandedPath="\\DC.DSGROUP7.co.uk\sysvol\DSGROUP7.co.uk\Policies\{87883A6B-8A16-4451-9BC1-70D504AD97B0}\Machine\registry.pol" bkp:Location="DomainSysvol\GPO\Machine\registry.pol"/>
			<FSObjectFile bkp:Path="%GPO_FSPATH%\Adm\*.*" bkp:SourceExpandedPath="\\DC.DSGROUP7.co.uk\sysvol\DSGROUP7.co.uk\Policies\{87883A6B-8A16-4451-9BC1-70D504AD97B0}\Adm\*.*"/>
		</GroupPolicyExtension>
		<GroupPolicyExtension bkp:ID="{F15C46CD-82A0-4C2D-A210-5D0D3182A418}" bkp:DescName="Unknown Extension">
			<FSObjectFile bkp:Path="%GPO_MACH_FSPATH%\comment.cmtx" bkp:SourceExpandedPath="\\DC.DSGROUP7.co.uk\sysvol\DSGROUP7.co.uk\Policies\{87883A6B-8A16-4451-9BC1-70D504AD97B0}\Machine\comment.cmtx" bkp:Location="DomainSysvol\GPO\Machine\comment.cmtx"/>
			<FSObjectDir bkp:Path="%GPO_MACH_FSPATH%\Scripts" bkp:SourceExpandedPath="\\DC.DSGROUP7.co.uk\sysvol\DSGROUP7.co.uk\Policies\{87883A6B-8A16-4451-9BC1-70D504AD97B0}\Machine\Scripts" bkp:Location="DomainSysvol\GPO\Machine\Scripts"/>
			<FSObjectDir bkp:Path="%GPO_MACH_FSPATH%\Scripts\Shutdown" bkp:SourceExpandedPath="\\DC.DSGROUP7.co.uk\sysvol\DSGROUP7.co.uk\Policies\{87883A6B-8A16-4451-9BC1-70D504AD97B0}\Machine\Scripts\Shutdown" bkp:Location="DomainSysvol\GPO\Machine\Scripts\Shutdown"/>
			<FSObjectDir bkp:Path="%GPO_MACH_FSPATH%\Scripts\Startup" bkp:SourceExpandedPath="\\DC.DSGROUP7.co.uk\sysvol\DSGROUP7.co.uk\Policies\{87883A6B-8A16-4451-9BC1-70D504AD97B0}\Machine\Scripts\Startup" bkp:Location="DomainSysvol\GPO\Machine\Scripts\Startup"/>
		</GroupPolicyExtension>
	</GroupPolicyObject>
</GroupPolicyBackupScheme>
