<?xml version="1.0" encoding="utf-8"?>
<Backups xmlns="http://www.microsoft.com/GroupPolicy/GPOOperations/Manifest" xmlns:mfst="http://www.microsoft.com/GroupPolicy/GPOOperations/Manifest" mfst:version="1.0">
	<BackupInst>
		<GPOGuid><![CDATA[{87883A6B-8A16-4451-9BC1-70D504AD97B0}]]></GPOGuid>
		<GPODomain><![CDATA[DSGROUP7.co.uk]]></GPODomain>
		<GPODomainGuid><![CDATA[{7a080d2a-8a9b-4007-b6d9-355f030fb009}]]></GPODomainGuid>
		<GPODomainController><![CDATA[DC.DSGROUP7.co.uk]]></GPODomainController>
		<BackupTime><![CDATA[2018-11-01T18:08:59]]></BackupTime>
		<ID><![CDATA[{EE9EF278-1F3F-461C-9F7A-97F2B82C04B4}]]></ID>
		<Comment><![CDATA[]]></Comment>
		<GPODisplayName><![CDATA[All Servers – Windows Update]]></GPODisplayName>
	</BackupInst>
	<BackupInst xmlns="http://www.microsoft.com/GroupPolicy/GPOOperations/Manifest">
		<GPOGuid><![CDATA[{16ECB09D-3ED3-4AFF-9FCE-12B56A5F3126}]]></GPOGuid>
		<GPODomain><![CDATA[DSGroup2.co.uk]]></GPODomain>
		<GPODomainGuid><![CDATA[{01cf6c01-8509-468f-8c10-c228dca13d72}]]></GPODomainGuid>
		<GPODomainController><![CDATA[DC.DSGroup2.co.uk]]></GPODomainController>
		<BackupTime><![CDATA[2017-11-23T15:01:35]]></BackupTime>
		<ID><![CDATA[{321F535D-FB16-42CD-8A2F-E11089B9BD46}]]></ID>
		<Comment><![CDATA[Session Servers - Remote Desktop Control]]></Comment>
		<GPODisplayName><![CDATA[Session Servers – Remote Desktop Control]]></GPODisplayName>
	</BackupInst>
	<BackupInst xmlns="http://www.microsoft.com/GroupPolicy/GPOOperations/Manifest">
		<GPOGuid><![CDATA[{AF2EDB22-5F39-4929-AE5B-E139D2812733}]]></GPOGuid>
		<GPODomain><![CDATA[DSGroup2.co.uk]]></GPODomain>
		<GPODomainGuid><![CDATA[{01cf6c01-8509-468f-8c10-c228dca13d72}]]></GPODomainGuid>
		<GPODomainController><![CDATA[DC.DSGroup2.co.uk]]></GPODomainController>
		<BackupTime><![CDATA[2017-11-23T15:01:20]]></BackupTime>
		<ID><![CDATA[{5F54C6FB-049B-452F-A116-AB1D09FE0F59}]]></ID>
		<Comment><![CDATA[Research Users - Mapped Drives]]></Comment>
		<GPODisplayName><![CDATA[Research Users – Mapped Drives]]></GPODisplayName>
	</BackupInst>
	<BackupInst xmlns="http://www.microsoft.com/GroupPolicy/GPOOperations/Manifest">
		<GPOGuid><![CDATA[{FEFC697D-22C9-420D-A7C5-349ADFD592BE}]]></GPOGuid>
		<GPODomain><![CDATA[DSGroup2.co.uk]]></GPODomain>
		<GPODomainGuid><![CDATA[{01cf6c01-8509-468f-8c10-c228dca13d72}]]></GPODomainGuid>
		<GPODomainController><![CDATA[DC.DSGroup2.co.uk]]></GPODomainController>
		<BackupTime><![CDATA[2017-11-23T15:00:51]]></BackupTime>
		<ID><![CDATA[{742211F9-1482-4D06-A8DE-BA66101933EB}]]></ID>
		<Comment><![CDATA[All Servers - Windows Services]]></Comment>
		<GPODisplayName><![CDATA[All Servers – Windows Services]]></GPODisplayName>
	</BackupInst>
	<BackupInst xmlns="http://www.microsoft.com/GroupPolicy/GPOOperations/Manifest">
		<GPOGuid><![CDATA[{D4C89E6F-D735-477D-B42C-293A6A6CCEA9}]]></GPOGuid>
		<GPODomain><![CDATA[DSGroup2.co.uk]]></GPODomain>
		<GPODomainGuid><![CDATA[{01cf6c01-8509-468f-8c10-c228dca13d72}]]></GPODomainGuid>
		<GPODomainController><![CDATA[DC.DSGroup2.co.uk]]></GPODomainController>
		<BackupTime><![CDATA[2017-11-23T15:00:33]]></BackupTime>
		<ID><![CDATA[{0AF343A0-248D-4CA5-B19E-5FA46DAE9F9C}]]></ID>
		<Comment><![CDATA[Session Servers - Remote Desktop Control]]></Comment>
		<GPODisplayName><![CDATA[All servers – Local Administrators]]></GPODisplayName>
	</BackupInst>
</Backups>
