<BackupInst xmlns="http://www.microsoft.com/GroupPolicy/GPOOperations/Manifest"><GPOGuid><![CDATA[{FEFC697D-22C9-420D-A7C5-349ADFD592BE}]]></GPOGuid><GPODomain><![CDATA[DSGroup2.co.uk]]></GPODomain><GPODomainGuid><![CDATA[{01cf6c01-8509-468f-8c10-c228dca13d72}]]></GPODomainGuid><GPODomainController><![CDATA[DC.DSGroup2.co.uk]]></GPODomainController><BackupTime><![CDATA[2017-11-23T15:00:51]]></BackupTime><ID><![CDATA[{742211F9-1482-4D06-A8DE-BA66101933EB}]]></ID><Comment><![CDATA[All Servers - Windows Services]]></Comment><GPODisplayName><![CDATA[All Servers – Windows Services]]></GPODisplayName></BackupInst>
