<BackupInst xmlns="http://www.microsoft.com/GroupPolicy/GPOOperations/Manifest"><GPOGuid><![CDATA[{87883A6B-8A16-4451-9BC1-70D504AD97B0}]]></GPOGuid><GPODomain><![CDATA[DSGROUP7.co.uk]]></GPODomain><GPODomainGuid><![CDATA[{7a080d2a-8a9b-4007-b6d9-355f030fb009}]]></GPODomainGuid><GPODomainController><![CDATA[DC.DSGROUP7.co.uk]]></GPODomainController><BackupTime><![CDATA[2018-11-01T18:08:59]]></BackupTime><ID><![CDATA[{EE9EF278-1F3F-461C-9F7A-97F2B82C04B4}]]></ID><Comment><![CDATA[]]></Comment><GPODisplayName><![CDATA[All Servers – Windows Update]]></GPODisplayName></BackupInst>
